
{
    "_JSON_": true,
    "AUTHOR": "SalmanytOfficial",
    "LANGUAGE": "English",
    "LANGCODE": "en",
    "STRINGS": {
        "updater": {
            "UPDATE": "Your bot is already on latest version Bro",
            "NEW_UPDATE": "There is a new update available for the bot!\n\n*Changes:*\n",
            "UPDATED_LOCAL": "Fresh Updates Installed!"
        },
        "global": {
            "botName": " 𝐏𝐨𝐰𝐞𝐫𝐞𝐝 𝐛𝐲 RENGOKU",

            "body": "𝑊ℎ𝑎𝑡𝑠𝑎𝑝𝑝 𝐵𝑜𝑡",
            "greet2" : "AYOO BRO!",
            "pic1": "https://i.ibb.co/SxVw4z0/maxresdefault-6.jpg",
            "pic2": "https://i.ibb.co/BytXTSm/maxresdefault-5.jpg",
            "pic3": "https://i.ibb.co/kJNQPBT/maxresdefault-4.jpg",
            "pic4": "https://i.ibb.co/R0S9KGT/maxresdefault-3.jpg",
            "pic5": "https://i.ibb.co/0VHWkdX/maxresdefault-2.jpg",
            "pic6": "https://i.ibb.co/wz0wvsh/maxresdefault-1.jpg",
            "pic7": "https://i.ibb.co/fqYfn9L/maxresdefault.jpg",
             "greet" : "Brother",
           "dotbody" : "Yup.I am here.",
            "emijii" : "🎍",
            "promote": "A new worthy HASHIRA arrived",
            "pmallow": "Hii,This is RENGOKU\n*A BIG Brother of my Nii-Chan.*\nMy Brother is busy right now.\nKindly Leave your Message.\n\n_I will inform him about your message asap......_",
            "pmblock": "❌ Blocked*\n\n You have been blocked for spamming.\n\n _ 𝐏𝐨𝐰𝐞𝐫𝐞𝐝 𝐛𝐲 RENGOKU_",
            "pmwarn": "✋Hii* \nPlease don't spam else I'll block you for spamming. You have ${checkPermit.times} warning(s).\n\n * 𝐏𝐨𝐰𝐞𝐫𝐞𝐝 𝐛𝐲 RENGOKU*",
            "permited": "Hii ${tname} Sir*\n\nNow You are permitted by my owner to pm now.\n\n 𝐏𝐨𝐰𝐞𝐫𝐞𝐝 𝐛𝐲 RENGOKU", 
            "revoked" : "Hii ${tname} Sir\n\nYour pm permit permission has been prevoked now.\n\n 𝐏𝐨𝐰𝐞𝐫𝐞𝐝 𝐛𝐲 RENGOKU",
            "demote": "You are not Worthy",
            "antlink": "Link Detected.\n*Good Bye Worthless Demon*",
            "session": "\n*This is your session.sam.json,keep it safe and store it properly*\n_Now Upload This json file in Your Forked Repo_\n Connect your repo to Heroku and Deploy Branch and Bot will run for Always\n\n*𝐏𝐨𝐰𝐞𝐫𝐞𝐝 𝐛𝐲 RENGOKU*",
            "mention": " Please mention any user Bro🥲",
            "title": "RENGOKU",
            "footer": "KYOJIRO-RENGOKU",
            "by": "Made by: CitelVoid",
            "chat_desc": "Options Avilable* : 1. mute\n2. unmute\n3. archive\n4. unarchive\n5. read\n6. unread\n7. delete",
            "success": "Success ✓",
            "dot": "HEY BRO🥳, Why don't you try .help",
            "couple_male": "I'm sorry i didn't understand for so long",
            "couple_female": "Put everything in your soulders",
            "admin": "𝑇ℎ𝑖𝑠 𝑐𝑜𝑚𝑚𝑎𝑛𝑑 𝑖𝑠 𝑜𝑛𝑙𝑦 𝑓𝑜𝑟 𝑔𝑟𝑜𝑢𝑝 𝐴𝑑𝑚𝑖𝑛⚠️!",
            "botAdmin": "𝑃𝑙𝑒𝑎𝑠𝑒 𝑃𝑟𝑜𝑣𝑖𝑑𝑒 𝑚𝑒 𝐴𝑑𝑚𝑖𝑛 𝑅𝑜𝑙𝑒 .❗",
            "owner": "𝐓𝐡𝐢𝐬 𝐂𝐨𝐦𝐦𝐚𝐧𝐝 𝐢𝐬 𝐨𝐧𝐥𝐲 𝐟𝐨𝐫 𝐌𝐲 𝐎𝐰𝐧𝐞𝐫 ⚠️",
            "group": "𝑻𝒉𝒊𝒔 𝑭𝒆𝒂𝒕𝒖𝒓𝒆 𝒊𝒔 𝑶𝒏𝒍𝒚 𝑭𝒐𝒓 𝑮𝒓𝒐𝒖𝒑𝒔❗",
            "private": "𝑻𝒉𝒊𝒔 𝒇𝒆𝒂𝒕𝒖𝒓𝒆 𝒊𝒏 𝒐𝒏𝒍𝒚 𝒇𝒐𝒓 𝒕𝒉𝒆 𝐌𝐲 𝐎𝐰𝐧𝐞𝐫 ⚠️",
            "bot": "𝑻𝒉𝒊𝒔 𝒇𝒆𝒂𝒕𝒖𝒓𝒆 𝒊𝒏 𝒐𝒏𝒍𝒚 𝒇𝒐𝒓 𝒕𝒉𝒆 𝒃𝒐𝒕 𝒏𝒖𝒎𝒃𝒆𝒓⚠️",
            "wait": "𝑷𝒓𝒐𝒄𝒆𝒔𝒔𝒊𝒏𝒈 𝒚𝒐𝒖𝒓 𝒓𝒆𝒒𝒖𝒆𝒔𝒕✅"
        },
        "error": {
            "text": "Task Failed"
        }
    }
  }
